{"text": " Hello, I really like this cafe and I would like a cup of 100 millilitres of coffee, please.", "segments": [{"id": 0, "seek": 0, "start": 0.0, "end": 8.0, "text": " Hello, I really like this cafe and I would like a cup of 100 millilitres of coffee, please.", "tokens": [50364, 2425, 11, 286, 534, 411, 341, 17773, 293, 286, 576, 411, 257, 4414, 295, 2319, 1728, 34050, 495, 295, 4982, 11, 1767, 13, 50764], "temperature": 0.0, "avg_logprob": -0.291597659771259, "compression_ratio": 1.1097560975609757, "no_speech_prob": 0.006006954703480005}], "language": "en"}