{"text": " Il y a des temps d'observation \u00e0 chaque instant et on voit les gens qui l'identifient.", "segments": [{"id": 0, "seek": 0, "start": 0.0, "end": 4.28, "text": " Il y a des temps d'observation \u00e0 chaque instant et on voit les gens qui l'identifient.", "tokens": [50364, 4416, 288, 257, 730, 8827, 274, 6, 16537, 6864, 1531, 18920, 9836, 1030, 322, 18164, 1512, 10668, 1956, 287, 6, 1078, 351, 1196, 13, 50578], "temperature": 0.0, "avg_logprob": -0.4505461940058955, "compression_ratio": 1.0116279069767442, "no_speech_prob": 0.18461424112319946}], "language": "fr"}