{"text": " Salut maman, \u00e7a va ? On va voir si ChatJPT arrive \u00e0 traduire ce que je suis en train de dire. Si ChatJPT y arrive, alors c'est incroyable !", "segments": [{"id": 0, "seek": 0, "start": 0.0, "end": 8.0, "text": " Salut maman, \u00e7a va ? On va voir si ChatJPT arrive \u00e0 traduire ce que je suis en train de dire.", "tokens": [50364, 33559, 275, 6147, 11, 2788, 2773, 2506, 1282, 2773, 10695, 1511, 27503, 41, 47, 51, 8881, 1531, 2479, 43612, 1769, 631, 1506, 7624, 465, 3847, 368, 1264, 13, 50764], "temperature": 0.0, "avg_logprob": -0.2558277448018392, "compression_ratio": 1.175, "no_speech_prob": 0.025211168453097343}, {"id": 1, "seek": 0, "start": 8.0, "end": 13.0, "text": " Si ChatJPT y arrive, alors c'est incroyable !", "tokens": [50764, 4909, 27503, 41, 47, 51, 288, 8881, 11, 11246, 269, 6, 377, 834, 45976, 2298, 51014], "temperature": 0.0, "avg_logprob": -0.2558277448018392, "compression_ratio": 1.175, "no_speech_prob": 0.025211168453097343}], "language": "fr"}